Link Name,Center of Mass X,Center of Mass Y,Center of Mass Z,Center of Mass Roll,Center of Mass Pitch,Center of Mass Yaw,Mass,Moment Ixx,Moment Ixy,Moment Ixz,Moment Iyy,Moment Iyz,Moment Izz,Visual X,Visual Y,Visual Z,Visual Roll,Visual Pitch,Visual Yaw,Mesh Filename,Color Red,Color Green,Color Blue,Color Alpha,Collision X,Collision Y,Collision Z,Collision Roll,Collision Pitch,Collision Yaw,Collision Mesh Filename,Material Name,SW Components,Coordinate System,Axis Name,Joint Name,Joint Type,Joint Origin X,Joint Origin Y,Joint Origin Z,Joint Origin Roll,Joint Origin Pitch,Joint Origin Yaw,Parent,Joint Axis X,Joint Axis Y,Joint Axis Z,Limit Effort,Limit Velocity,Limit Lower,Limit Upper,Calibration rising,Calibration falling,Dynamics Damping,Dynamics Friction,Safety Soft Upper,Safety Soft Lower,Safety K Position,Safety K Velocity
base_link,-0.00021911,-8.577E-08,0.074571,0,0,0,34.6,0.14102,-1.7646E-08,2.1243E-05,0.56124,-1.5055E-07,0.62227,0,0,0,0,0,0,package://Z1_NOLIDARV1.1.SLDASM/meshes/base_link.STL,0.69804,0.69804,0.69804,1,0,0,0,0,0,0,package://Z1_NOLIDARV1.1.SLDASM/meshes/base_link.STL,,简化机身-1;机械臂连接板-1;电池-1;电机-16;电机-13;电机-1;电机-7,base_cs,,,,0,0,0,0,0,0,,0,0,0,,,,,,,,,,,,
FL_hip,0.11205,-0.016879,9.3139E-08,0,0,0,2.9462,0.002834,-7.843E-06,-3.5056E-07,0.0043473,1.7625E-08,0.0023086,0,0,0,0,0,0,package://Z1_NOLIDARV1.1.SLDASM/meshes/FL_hip.STL,0.69804,0.69804,0.69804,1,0,0,0,0,0,0,package://Z1_NOLIDARV1.1.SLDASM/meshes/FL_hip.STL,,关节限位-1;电机-2;固定环-1,FL_hip_cs,FL_hip_ax,FL_hip_joint,revolute,0.209,0.07,0.0705,0,0,0,base_link,1,0,0,200,23,-0.87,0.87,,,,,,,,
FL_thigh,-0.0059037,0.027545,-0.041279,0,0,0,4.8086,0.03732,0.00048305,-0.0031358,0.038716,0.0034367,0.0061113,0,0,0,0,0,0,package://Z1_NOLIDARV1.1.SLDASM/meshes/FL_thigh.STL,0.69804,0.69804,0.69804,1,0,0,0,0,0,0,package://Z1_NOLIDARV1.1.SLDASM/meshes/FL_thigh.STL,,左侧大腿-1;电机-3,FL_thigh_cs,Fl_thigh_ax,FL_thigh_joint,revolute,0.12003,0.0485,0,0,0,0,FL_hip,0,1,0,200,23,-0.94,4.69,,,,,,,,
FL_calf,0.022587,0.0094042,-0.20806,0,0,0,0.5299,0.0066551,1.2646E-06,0.00078306,0.0068264,-9.4791E-06,0.00033464,0,0,0,0,0,0,package://Z1_NOLIDARV1.1.SLDASM/meshes/FL_calf.STL,0.69804,0.69804,0.69804,1,0,0,0,0,0,0,package://Z1_NOLIDARV1.1.SLDASM/meshes/FL_calf.STL,,小腿-6;足尖简-1,FL_calf_cs,FL_calf_ax,FL_calf_joint,revolute,-0.00019314,0.065988,-0.35012,0,0,0,FL_thigh,0,1,0,320,14,-2.82,-0.43,,,,,,,,
FR_hip,0.10205,0.016879,1.9176E-08,0,0,0,2.9462,0.0028341,7.8432E-06,1.0483E-07,0.0043473,1.3798E-08,0.0023085,0,0,0,0,0,0,package://Z1_NOLIDARV1.1.SLDASM/meshes/FR_hip.STL,0.69804,0.69804,0.69804,1,0,0,0,0,0,0,package://Z1_NOLIDARV1.1.SLDASM/meshes/FR_hip.STL,,关节限位-3;电机-8;固定环-3,FR_hip_cs,FR_hip_ax,FR_hip_joint,revolute,0.219,-0.07,0.0705,0,0,0,base_link,1,0,0,200,23,-0.87,0.87,,,,,,,,
FR_thigh,-0.0057859,-0.027545,-0.041242,0,0,0,4.8081,0.037305,-0.00048278,-0.0031376,0.038702,-0.0034355,0.0061115,0,0,0,0,0,0,package://Z1_NOLIDARV1.1.SLDASM/meshes/FR_thigh.STL,0.69804,0.69804,0.69804,1,0,0,0,0,0,0,package://Z1_NOLIDARV1.1.SLDASM/meshes/FR_thigh.STL,,右侧大腿-1;电机-9,FR_thigh_cs,FR_thigh_ax,FR_thigh_joint,revolute,0.10979,-0.0485,-5.5285E-05,0,0,0,FR_hip,0,1,0,200,23,-0.94,4.69,,,,,,,,
FR_calf,0.026193,-0.0095278,-0.20763,0,0,0,0.5299,0.0066258,-1.3857E-08,0.00089235,0.0068264,6.3149E-08,0.00036386,0,0,0,0,0,0,package://Z1_NOLIDARV1.1.SLDASM/meshes/FR_calf.STL,0.69804,0.69804,0.69804,1,0,0,0,0,0,0,package://Z1_NOLIDARV1.1.SLDASM/meshes/FR_calf.STL,,小腿-3;足尖简-4,FR_calf_cs,FR_calf_ax,FR_calf_joint,revolute,-0.00034533,-0.065724,-0.34993,0,0,0,FR_thigh,0,1,0,320,14,-2.82,-0.43,,,,,,,,
RL_hip,-0.10105,-0.016879,-9.3139E-08,0,0,0,2.9462,0.002834,7.843E-06,-3.5056E-07,0.0043473,-1.7625E-08,0.0023086,0,0,0,0,0,0,package://Z1_NOLIDARV1.1.SLDASM/meshes/RL_hip.STL,0.69804,0.69804,0.69804,1,0,0,0,0,0,0,package://Z1_NOLIDARV1.1.SLDASM/meshes/RL_hip.STL,,关节限位-5;电机-14;固定环-5,RL_hip_cs,RL_hip_ax,RL_hip_joint,revolute,-0.219,0.07,0.0705,0,0,0,base_link,1,0,0,200,23,-0.87,0.87,,,,,,,,
RL_thigh,-0.005904,0.027545,-0.041278,0,0,0,4.8086,0.03732,0.00048304,-0.0031358,0.038716,0.0034368,0.0061113,0,0,0,0,0,0,package://Z1_NOLIDARV1.1.SLDASM/meshes/RL_thigh.STL,0.69804,0.69804,0.69804,1,0,0,0,0,0,0,package://Z1_NOLIDARV1.1.SLDASM/meshes/RL_thigh.STL,,电机-15;左侧大腿-3,RL_thigh_cs,RL_thigh_ax,RL_thigh_joint,revolute,-0.10897,0.0475,0,0,0,0,RL_hip,0,1,0,200,23,-0.94,4.69,,,,,,,,
RL_calf,0.022587,0.0094042,-0.20806,0,0,0,0.5299,0.0066551,1.2646E-06,0.00078306,0.0068264,-9.4791E-06,0.00033464,0,0,0,0,0,0,package://Z1_NOLIDARV1.1.SLDASM/meshes/RL_calf.STL,0.69804,0.69804,0.69804,1,0,0,0,0,0,0,package://Z1_NOLIDARV1.1.SLDASM/meshes/RL_calf.STL,,小腿-7;足尖简-2,RL_calf_cs,RL_calf_ax,RL_calf_joint,revolute,-0.00019314,0.065988,-0.35012,0,0,0,RL_thigh,0,1,0,320,14,-2.82,-0.43,,,,,,,,
RR_hip,-0.10105,0.016879,9.3139E-08,0,0,0,2.9462,0.002834,-7.843E-06,3.509E-07,0.0043473,-1.7625E-08,0.0023086,0,0,0,0,0,0,package://Z1_NOLIDARV1.1.SLDASM/meshes/RR_hip.STL,0.69804,0.69804,0.69804,1,0,0,0,0,0,0,package://Z1_NOLIDARV1.1.SLDASM/meshes/RR_hip.STL,,关节限位-6;电机-17;固定环-6,RR_hip_cs,RR_hip_ax,RR_hip_joint,revolute,-0.219,-0.07,0.0705,0,0,0,base_link,1,0,0,200,23,-0.87,0.87,,,,,,,,
RR_thigh,-0.0057859,-0.027545,-0.041242,0,0,0,4.8081,0.037305,-0.00048278,-0.0031376,0.038702,-0.0034355,0.0061115,0,0,0,0,0,0,package://Z1_NOLIDARV1.1.SLDASM/meshes/RR_thigh.STL,0.69804,0.69804,0.69804,1,0,0,0,0,0,0,package://Z1_NOLIDARV1.1.SLDASM/meshes/RR_thigh.STL,,右侧大腿-3;电机-18,RR_thigh_cs,RR_thigh_ax,RR_thigh_joint,revolute,-0.10921,-0.0475,-5.5285E-05,0,0,0,RR_hip,0,1,0,200,23,-0.94,4.69,,,,,,,,
RR_calf,0.026193,-0.0095278,-0.20763,0,0,0,0.5299,0.0066258,-1.398E-08,0.00089236,0.0068264,6.2692E-08,0.00036386,0,0,0,0,0,0,package://Z1_NOLIDARV1.1.SLDASM/meshes/RR_calf.STL,0.69804,0.69804,0.69804,1,0,0,0,0,0,0,package://Z1_NOLIDARV1.1.SLDASM/meshes/RR_calf.STL,,小腿-8;足尖简-3,RR_calf_cs,RR_calf_ax,RR_calf_joint,revolute,-0.00034533,-0.065724,-0.34993,0,0,0,RR_thigh,0,1,0,320,14,-2.82,-0.43,,,,,,,,
base_arm,-0.0057371,3.3089E-07,0.021574,0,0,0,1.2829,0.0010361,6.5867E-09,-3.9093E-05,0.0011971,7.3288E-10,0.0015394,0,0,0,0,0,0,package://Z1_NOLIDARV1.1.SLDASM/meshes/base_arm.STL,0.69804,0.69804,0.69804,1,0,0,0,0,0,0,package://Z1_NOLIDARV1.1.SLDASM/meshes/base_arm.STL,,Z1_Link00-1,base_arm_cs,,base_arm_joint,fixed,0.16,0,0.147,0,0,0,base_link,0,0,0,,,,,,,,,,,,
link1,-8.1037E-08,7.127E-08,0.022725,0,0,0,1.8285,0.0043121,3.4622E-08,-3.2753E-09,0.0010993,2.5967E-09,0.0041456,0,0,0,0,0,0,package://Z1_NOLIDARV1.1.SLDASM/meshes/link1.STL,0.69804,0.69804,0.69804,1,0,0,0,0,0,0,package://Z1_NOLIDARV1.1.SLDASM/meshes/link1.STL,,Z1_Link01-1,link1_cs,link1_ax,link1_joint,revolute,0,0,0.0585,0,0,0,base_arm,0,0,1,30,3.14,-2.618,2.618,,,,,,,,
link2,-0.11245,0.0027633,-2.7613E-06,0,0,0,3.2348,0.0022244,0.0019632,-1.5622E-06,0.04627,-2.5099E-08,0.047171,0,0,0,0,0,0,package://Z1_NOLIDARV1.1.SLDASM/meshes/link2.STL,0.69804,0.69804,0.69804,1,0,0,0,0,0,0,package://Z1_NOLIDARV1.1.SLDASM/meshes/link2.STL,,Z1_Link02-1,link2_cs,link2_ax,link2_joint,revolute,0,0,0.045,0,0,0,link1,0,1,0,60,3.14,0,2.9671,,,,,,,,
link3,0.10443,-0.02836,0.037705,0,0,0,2.2791,0.002487,-0.0003066,-0.0044269,0.02121,-0.00010369,0.019757,0,0,0,0,0,0,package://Z1_NOLIDARV1.1.SLDASM/meshes/link3.STL,0.69804,0.69804,0.69804,1,0,0,0,0,0,0,package://Z1_NOLIDARV1.1.SLDASM/meshes/link3.STL,,Z1_Link03-1,link3_cs,link3_ax,link3_joint,revolute,-0.35,0.0227,0,0,0,0,link2,0,1,0,30,3.14,-2.8798,0,,,,,,,,
link4,0.057069,-0.016629,-0.0097361,0,0,0,1.5316,0.00095965,0.00045143,8.6316E-05,0.0019329,-4.4149E-05,0.0020218,0,0,0,0,0,0,package://Z1_NOLIDARV1.1.SLDASM/meshes/link4.STL,0.69804,0.69804,0.69804,1,0,0,0,0,0,0,package://Z1_NOLIDARV1.1.SLDASM/meshes/link4.STL,,Z1_Link04-1,link4_cs,link4_ax,link4_joint,revolute,0.21697,0.00019997,0.060794,0,0,0,link3,0,1,0,30,3.14,-1.5184,1.5184,,,,,,,,
link5,0.021914,4.4777E-07,-0.011696,0,0,0,1.0574,0.00063912,-7.591E-09,0.00028924,0.00089439,6.4337E-09,0.00082434,0,0,0,0,0,0,package://Z1_NOLIDARV1.1.SLDASM/meshes/link5.STL,0.69804,0.69804,0.69804,1,0,0,0,0,0,0,package://Z1_NOLIDARV1.1.SLDASM/meshes/link5.STL,,Z1_Link05-1,link5_cs,link5_ax,link5_joint,revolute,0.072,-0.0225,0.0228,0,0,0,link4,0,0,1,30,3.14,-1.3439,1.3439,,,,,,,,
link6,0.025762,1.1095E-05,-0.0038226,0,0,0,0.78415,0.0004075,-2.1698E-07,5.2406E-07,0.00036244,-3.4388E-07,0.00036313,0,0,0,0,0,0,package://Z1_NOLIDARV1.1.SLDASM/meshes/link6.STL,0.69804,0.69804,0.69804,1,0,0,0,0,0,0,package://Z1_NOLIDARV1.1.SLDASM/meshes/link6.STL,,Z1_Link06-1,link6_cs,link6_ax,link6_joint,revolute,0.0469,0,-0.0228,0,0,0,link5,1,0,0,30,3.14,-2.7925,2.7925,,,,,,,,
link7,0.025,0,0,0,0,0,6,0.0031688,-1.357E-19,4.3358E-20,0.0028344,1.7868E-19,0.0028344,0,0,0,0,0,0,package://Z1_NOLIDARV1.1.SLDASM/meshes/link7.STL,0.69804,0.69804,0.69804,1,0,0,0,0,0,0,package://Z1_NOLIDARV1.1.SLDASM/meshes/link7.STL,,前端-1,link7_cs,Axis_link7_joint,link7_joint,continuous,0.052328,0,-0.0037959,0,0,0,link6,1,0,0,,,,,,,,,,,,
frame_link,-2.7756E-17,5.5511E-17,0.024118,0,0,0,9,0.050071,-1.2025E-17,1.982E-17,0.0956,2.2941E-18,0.13604,0,0,0,0,0,0,package://Z1_NOLIDARV1.1.SLDASM/meshes/frame_link.STL,0.69804,0.69804,0.69804,1,0,0,0,0,0,0,package://Z1_NOLIDARV1.1.SLDASM/meshes/frame_link.STL,,采集框-1,fram_ax,,frame_link_joint,fixed,-0.11,0,0.149,0,0,0,base_link,0,0,0,,,,,,,,,,,,
head_link,0,0,0,0,0,0,0,0,0,0,0,0,0,0,0,0,0,0,0,package://Z1_NOLIDARV1.1.SLDASM/meshes/head_link.STL,1,1,1,1,0,0,0,0,0,0,package://Z1_NOLIDARV1.1.SLDASM/meshes/head_link.STL,,头部-1,head_cs,,head_link_joint,fixed,0.30205,7E-05,0.13126,0,0,0,base_link,0,0,0,,,,,,,,,,,,
